,Indicator_Code,Indicator_Name,Indicator_URL,Year,Start_Year,End_Year,Region_Code,Region,Country_Code,Country,Dimension_Type,Dimension_Code,Dimension_Name,Numeric_Value,Value,Low,High,Rescaled_Value
23,HWF_0004,Specialist medical practitioners (number),https://www.who.int/data/gho/data/indicators/indicator-details/GHO/specialist-medical-practitioners-%28number%29,2019,2019,2019,WPR,Western Pacific,AUS,Australia,,,,46768.0,46 768,,,92.90240559384995
186,NCD_DTH_TOT,Total NCD Deaths (in thousands),https://www.who.int/data/gho/data/indicators/indicator-details/GHO/gho-ghe-ncd-deaths-in-thousands,2003,2003,2003,WPR,Western Pacific,AUS,Australia,SEX,SEX_MLE,Male,58359.61,58360 [47821-71740],47820.94,71739.89,39.801977699558535
188,HWF_0007,Nursing and midwifery personnel  (number),https://www.who.int/data/gho/data/indicators/indicator-details/GHO/nursing-and-midwifery-personnel-%28number%29,1997,1997,1997,WPR,Western Pacific,AUS,Australia,,,,191816.0,191 816,,,53.98219130278162
247,HWF_0004,Specialist medical practitioners (number),https://www.who.int/data/gho/data/indicators/indicator-details/GHO/specialist-medical-practitioners-%28number%29,2009,2009,2009,WPR,Western Pacific,AUS,Australia,,,,33815.0,33 815,,,67.17188772571066
289,HWF_0002,Medical doctors (number),https://www.who.int/data/gho/data/indicators/indicator-details/GHO/medical-doctors-%28number%29,2006,2006,2006,WPR,Western Pacific,AUS,Australia,,,,58167.0,58 167,,,56.36555680452731
352,NCD_DTH_TOT,Total NCD Deaths (in thousands),https://www.who.int/data/gho/data/indicators/indicator-details/GHO/gho-ghe-ncd-deaths-in-thousands,2010,2010,2010,WPR,Western Pacific,AUS,Australia,SEX,SEX_BTSX,Both sexes,128272.4,128272 [97098-166700],97098.07,166700.2,87.48336742258648
524,NCD_DTH_TOT,Total NCD Deaths (in thousands),https://www.who.int/data/gho/data/indicators/indicator-details/GHO/gho-ghe-ncd-deaths-in-thousands,2013,2013,2013,WPR,Western Pacific,AUS,Australia,SEX,SEX_MLE,Male,68730.7,68731 [53583-88834],53582.74,88834.48,46.875189684698846
627,NCD_DTH_TOT,Total NCD Deaths (in thousands),https://www.who.int/data/gho/data/indicators/indicator-details/GHO/gho-ghe-ncd-deaths-in-thousands,2002,2002,2002,WPR,Western Pacific,AUS,Australia,SEX,SEX_MLE,Male,59228.95,59229 [48772-72271],48771.52,72271.44,40.39487835967834
702,HWF_0004,Specialist medical practitioners (number),https://www.who.int/data/gho/data/indicators/indicator-details/GHO/specialist-medical-practitioners-%28number%29,2003,2003,2003,WPR,Western Pacific,AUS,Australia,,,,22692.0,22 692,,,45.07657773981447
710,HWF_0004,Specialist medical practitioners (number),https://www.who.int/data/gho/data/indicators/indicator-details/GHO/specialist-medical-practitioners-%28number%29,2018,2018,2018,WPR,Western Pacific,AUS,Australia,,,,45820.0,45 820,,,91.01924872370434
750,HWF_0007,Nursing and midwifery personnel  (number),https://www.who.int/data/gho/data/indicators/indicator-details/GHO/nursing-and-midwifery-personnel-%28number%29,2020,2020,2020,WPR,Western Pacific,AUS,Australia,,,,341242.0,341 242,,,96.03469431404996
909,HWF_0008,Nursing personnel (number),https://www.who.int/data/gho/data/indicators/indicator-details/GHO/nursing-personnel-%28number%29,2009,2009,2009,WPR,Western Pacific,AUS,Australia,,,,220814.0,220 814,,,67.12038956538655
997,HWF_0002,Medical doctors (number),https://www.who.int/data/gho/data/indicators/indicator-details/GHO/medical-doctors-%28number%29,1992,1992,1992,WPR,Western Pacific,AUS,Australia,,,,41461.0,41 461,,,40.17694484282337
1119,HWF_0002,Medical doctors (number),https://www.who.int/data/gho/data/indicators/indicator-details/GHO/medical-doctors-%28number%29,1976,1976,1976,WPR,Western Pacific,AUS,Australia,,,,23034.0,23 034,,,22.32063258265824
1253,HWF_0007,Nursing and midwifery personnel  (number),https://www.who.int/data/gho/data/indicators/indicator-details/GHO/nursing-and-midwifery-personnel-%28number%29,2015,2015,2015,WPR,Western Pacific,AUS,Australia,,,,292015.0,292 015,,,82.1808899845778
1453,HWF_0007,Nursing and midwifery personnel  (number),https://www.who.int/data/gho/data/indicators/indicator-details/GHO/nursing-and-midwifery-personnel-%28number%29,1988,1988,1988,WPR,Western Pacific,AUS,Australia,,,,191800.0,191 800,,,53.977688471626536
1558,NCD_DTH_TOT,Total NCD Deaths (in thousands),https://www.who.int/data/gho/data/indicators/indicator-details/GHO/gho-ghe-ncd-deaths-in-thousands,2000,2000,2000,WPR,Western Pacific,AUS,Australia,SEX,SEX_MLE,Male,57714.25,57714 [48002-69631],48001.64,69630.75,39.361834176869
1858,HWF_0008,Nursing personnel (number),https://www.who.int/data/gho/data/indicators/indicator-details/GHO/nursing-personnel-%28number%29,1981,1981,1981,WPR,Western Pacific,AUS,Australia,,,,147900.0,147 900,,,44.956866941048446
2046,SDGNTDTREATMENT,Reported number of people requiring interventions against NTDs,https://www.who.int/data/gho/data/indicators/indicator-details/GHO/reported-number-of-people-requiring-interventions-against-ntds,2022,2022,2022,WPR,Western Pacific,AUS,Australia,,,,3477.0,3477,,,2.403035413153457
2140,NCD_DTH_TOT,Total NCD Deaths (in thousands),https://www.who.int/data/gho/data/indicators/indicator-details/GHO/gho-ghe-ncd-deaths-in-thousands,2016,2016,2016,WPR,Western Pacific,AUS,Australia,SEX,SEX_MLE,Male,73825.48,73825 [55758-98148],55757.53,98147.9,50.34989282175128
2143,HWF_0004,Specialist medical practitioners (number),https://www.who.int/data/gho/data/indicators/indicator-details/GHO/specialist-medical-practitioners-%28number%29,2001,2001,2001,WPR,Western Pacific,AUS,Australia,,,,20573.0,20 573,,,40.86728511551221
2172,HWF_0007,Nursing and midwifery personnel  (number),https://www.who.int/data/gho/data/indicators/indicator-details/GHO/nursing-and-midwifery-personnel-%28number%29,1981,1981,1981,WPR,Western Pacific,AUS,Australia,,,,147900.0,147 900,,,41.62304548985175
2174,HWF_0002,Medical doctors (number),https://www.who.int/data/gho/data/indicators/indicator-details/GHO/medical-doctors-%28number%29,2018,2018,2018,WPR,Western Pacific,AUS,Australia,,,,93604.0,93 604,,,90.70506608783286
2202,NCD_DTH_TOT,Total NCD Deaths (in thousands),https://www.who.int/data/gho/data/indicators/indicator-details/GHO/gho-ghe-ncd-deaths-in-thousands,2019,2019,2019,WPR,Western Pacific,AUS,Australia,SEX,SEX_BTSX,Both sexes,146624.9,146625 [101991-205062],101991.4,205062.2,100.0
2290,HWF_0004,Specialist medical practitioners (number),https://www.who.int/data/gho/data/indicators/indicator-details/GHO/specialist-medical-practitioners-%28number%29,2012,2012,2012,WPR,Western Pacific,AUS,Australia,,,,34895.0,34 895,,,69.31725631195248
2565,HWF_0007,Nursing and midwifery personnel  (number),https://www.who.int/data/gho/data/indicators/indicator-details/GHO/nursing-and-midwifery-personnel-%28number%29,2012,2012,2012,WPR,Western Pacific,AUS,Australia,,,,232321.0,232 321,,,65.38138979883603
2619,HWF_0008,Nursing personnel (number),https://www.who.int/data/gho/data/indicators/indicator-details/GHO/nursing-personnel-%28number%29,2014,2014,2014,WPR,Western Pacific,AUS,Australia,,,,264876.0,264 876,,,80.51382750424035
2782,HWF_0007,Nursing and midwifery personnel  (number),https://www.who.int/data/gho/data/indicators/indicator-details/GHO/nursing-and-midwifery-personnel-%28number%29,2004,2004,2004,WPR,Western Pacific,AUS,Australia,,,,203517.0,203 517,,,57.27516801188748
2904,HWF_0008,Nursing personnel (number),https://www.who.int/data/gho/data/indicators/indicator-details/GHO/nursing-personnel-%28number%29,1991,1991,1991,WPR,Western Pacific,AUS,Australia,,,,208800.0,208 800,,,63.468518034421336
2918,HWF_0007,Nursing and midwifery personnel  (number),https://www.who.int/data/gho/data/indicators/indicator-details/GHO/nursing-and-midwifery-personnel-%28number%29,1989,1989,1989,WPR,Western Pacific,AUS,Australia,,,,197000.0,197 000,,,55.441108597030386
2943,NCD_DTH_TOT,Total NCD Deaths (in thousands),https://www.who.int/data/gho/data/indicators/indicator-details/GHO/gho-ghe-ncd-deaths-in-thousands,2009,2009,2009,WPR,Western Pacific,AUS,Australia,SEX,SEX_BTSX,Both sexes,126915.6,126916 [96523-164163],96523.49,164163.4,86.55801299779233
3091,HWF_0007,Nursing and midwifery personnel  (number),https://www.who.int/data/gho/data/indicators/indicator-details/GHO/nursing-and-midwifery-personnel-%28number%29,2014,2014,2014,WPR,Western Pacific,AUS,Australia,,,,285769.0,285 769,,,80.42309727241003
3100,HWF_0007,Nursing and midwifery personnel  (number),https://www.who.int/data/gho/data/indicators/indicator-details/GHO/nursing-and-midwifery-personnel-%28number%29,1990,1990,1990,WPR,Western Pacific,AUS,Australia,,,,198500.0,198 500,,,55.863249017819946
3170,HWF_0007,Nursing and midwifery personnel  (number),https://www.who.int/data/gho/data/indicators/indicator-details/GHO/nursing-and-midwifery-personnel-%28number%29,1999,1999,1999,WPR,Western Pacific,AUS,Australia,,,,191405.0,191 405,,,53.866524827485286
3271,HWF_0004,Specialist medical practitioners (number),https://www.who.int/data/gho/data/indicators/indicator-details/GHO/specialist-medical-practitioners-%28number%29,2013,2013,2013,WPR,Western Pacific,AUS,Australia,,,,36765.0,36 765,,,73.03192228998232
3345,HWF_0008,Nursing personnel (number),https://www.who.int/data/gho/data/indicators/indicator-details/GHO/nursing-personnel-%28number%29,1999,1999,1999,WPR,Western Pacific,AUS,Australia,,,,191405.0,191 405,,,58.18099470487748
3354,HWF_0007,Nursing and midwifery personnel  (number),https://www.who.int/data/gho/data/indicators/indicator-details/GHO/nursing-and-midwifery-personnel-%28number%29,2018,2018,2018,WPR,Western Pacific,AUS,Australia,,,,324179.0,324 179,,,91.232706314095
3427,HWF_0007,Nursing and midwifery personnel  (number),https://www.who.int/data/gho/data/indicators/indicator-details/GHO/nursing-and-midwifery-personnel-%28number%29,1983,1983,1983,WPR,Western Pacific,AUS,Australia,,,,151900.0,151 900,,,42.74875327862394
3481,HWF_0007,Nursing and midwifery personnel  (number),https://www.who.int/data/gho/data/indicators/indicator-details/GHO/nursing-and-midwifery-personnel-%28number%29,2002,2002,2002,WPR,Western Pacific,AUS,Australia,,,,193853.0,193 853,,,54.55545799421386
3556,HWF_0002,Medical doctors (number),https://www.who.int/data/gho/data/indicators/indicator-details/GHO/medical-doctors-%28number%29,2012,2012,2012,WPR,Western Pacific,AUS,Australia,,,,75257.0,75 257,,,72.9262762122563
3878,HWF_0004,Specialist medical practitioners (number),https://www.who.int/data/gho/data/indicators/indicator-details/GHO/specialist-medical-practitioners-%28number%29,2015,2015,2015,WPR,Western Pacific,AUS,Australia,,,,40944.0,40 944,,,81.3333068473014
3927,NCD_DTH_TOT,Total NCD Deaths (in thousands),https://www.who.int/data/gho/data/indicators/indicator-details/GHO/gho-ghe-ncd-deaths-in-thousands,2003,2003,2003,WPR,Western Pacific,AUS,Australia,SEX,SEX_FMLE,Female,56188.67,56189 [42376-72750],42376.06,72750.42,38.32136969914387
4089,HWF_0008,Nursing personnel (number),https://www.who.int/data/gho/data/indicators/indicator-details/GHO/nursing-personnel-%28number%29,2010,2010,2010,WPR,Western Pacific,AUS,Australia,,,,216338.0,216 338,,,65.75982880522339
4119,HWF_0002,Medical doctors (number),https://www.who.int/data/gho/data/indicators/indicator-details/GHO/medical-doctors-%28number%29,2020,2020,2020,WPR,Western Pacific,AUS,Australia,,,,100260.0,100 260,,,97.15492848560021
4128,HWF_0008,Nursing personnel (number),https://www.who.int/data/gho/data/indicators/indicator-details/GHO/nursing-personnel-%28number%29,1983,1983,1983,WPR,Western Pacific,AUS,Australia,,,,151900.0,151 900,,,46.17273893404502
4231,HWF_0004,Specialist medical practitioners (number),https://www.who.int/data/gho/data/indicators/indicator-details/GHO/specialist-medical-practitioners-%28number%29,2021,2021,2021,WPR,Western Pacific,AUS,Australia,,,,50341.0,50 341,,,100.0
4251,HWF_0008,Nursing personnel (number),https://www.who.int/data/gho/data/indicators/indicator-details/GHO/nursing-personnel-%28number%29,2008,2008,2008,WPR,Western Pacific,AUS,Australia,,,,218928.0,218 928,,,66.54710592068867
4274,HWF_0008,Nursing personnel (number),https://www.who.int/data/gho/data/indicators/indicator-details/GHO/nursing-personnel-%28number%29,2007,2007,2007,WPR,Western Pacific,AUS,Australia,,,,212480.0,212 480,,,64.58712026797818
4386,HWF_0004,Specialist medical practitioners (number),https://www.who.int/data/gho/data/indicators/indicator-details/GHO/specialist-medical-practitioners-%28number%29,2005,2005,2005,WPR,Western Pacific,AUS,Australia,,,,25547.0,25 547,,,50.74789932659264
4424,HWF_0008,Nursing personnel (number),https://www.who.int/data/gho/data/indicators/indicator-details/GHO/nursing-personnel-%28number%29,2011,2011,2011,WPR,Western Pacific,AUS,Australia,,,,227712.0,227 712,,,69.21716081730915
4457,NCD_DTH_TOT,Total NCD Deaths (in thousands),https://www.who.int/data/gho/data/indicators/indicator-details/GHO/gho-ghe-ncd-deaths-in-thousands,2006,2006,2006,WPR,Western Pacific,AUS,Australia,SEX,SEX_MLE,Male,62245.28,62245 [50227-77398],50226.98,77397.88,42.452052823224435
4560,NCD_DTH_TOT,Total NCD Deaths (in thousands),https://www.who.int/data/gho/data/indicators/indicator-details/GHO/gho-ghe-ncd-deaths-in-thousands,2011,2011,2011,WPR,Western Pacific,AUS,Australia,SEX,SEX_FMLE,Female,65362.87,65363 [46602-87826],46602.02,87826.29,44.57828786242992
4606,HWF_0007,Nursing and midwifery personnel  (number),https://www.who.int/data/gho/data/indicators/indicator-details/GHO/nursing-and-midwifery-personnel-%28number%29,1994,1994,1994,WPR,Western Pacific,AUS,Australia,,,,204748.0,204 748,,,57.62160458388211
4621,HWF_0007,Nursing and midwifery personnel  (number),https://www.who.int/data/gho/data/indicators/indicator-details/GHO/nursing-and-midwifery-personnel-%28number%29,1993,1993,1993,WPR,Western Pacific,AUS,Australia,,,,195737.0,195 737,,,55.08566636272556
4748,NCD_DTH_TOT,Total NCD Deaths (in thousands),https://www.who.int/data/gho/data/indicators/indicator-details/GHO/gho-ghe-ncd-deaths-in-thousands,2012,2012,2012,WPR,Western Pacific,AUS,Australia,SEX,SEX_MLE,Male,67710.61,67711 [53190-86800],53189.76,86799.55,46.17947565522636
4766,NCD_DTH_TOT,Total NCD Deaths (in thousands),https://www.who.int/data/gho/data/indicators/indicator-details/GHO/gho-ghe-ncd-deaths-in-thousands,2016,2016,2016,WPR,Western Pacific,AUS,Australia,SEX,SEX_BTSX,Both sexes,143284.5,143285 [103110-194887],103109.6,194887.4,97.72180577787266
4780,HWF_0007,Nursing and midwifery personnel  (number),https://www.who.int/data/gho/data/indicators/indicator-details/GHO/nursing-and-midwifery-personnel-%28number%29,1982,1982,1982,WPR,Western Pacific,AUS,Australia,,,,149500.0,149 500,,,42.07332860536062
4791,SDGNTDTREATMENT,Reported number of people requiring interventions against NTDs,https://www.who.int/data/gho/data/indicators/indicator-details/GHO/reported-number-of-people-requiring-interventions-against-ntds,2017,2017,2017,WPR,Western Pacific,AUS,Australia,,,,20123.0,20 123,,,13.907472424183783
4978,HWF_0008,Nursing personnel (number),https://www.who.int/data/gho/data/indicators/indicator-details/GHO/nursing-personnel-%28number%29,1997,1997,1997,WPR,Western Pacific,AUS,Australia,,,,191816.0,191 816,,,58.305925552157866
5066,HWF_0002,Medical doctors (number),https://www.who.int/data/gho/data/indicators/indicator-details/GHO/medical-doctors-%28number%29,1972,1972,1972,WPR,Western Pacific,AUS,Australia,,,,18369.0,18 369,,,17.800108531338424
5074,NCD_DTH_TOT,Total NCD Deaths (in thousands),https://www.who.int/data/gho/data/indicators/indicator-details/GHO/gho-ghe-ncd-deaths-in-thousands,2012,2012,2012,WPR,Western Pacific,AUS,Australia,SEX,SEX_FMLE,Female,65762.55,65763 [46511-88899],46511.48,88898.73,44.85087457860159
5077,HWF_0008,Nursing personnel (number),https://www.who.int/data/gho/data/indicators/indicator-details/GHO/nursing-personnel-%28number%29,1985,1985,1985,WPR,Western Pacific,AUS,Australia,,,,150700.0,150 700,,,45.80797733614605
5374,NCD_DTH_TOT,Total NCD Deaths (in thousands),https://www.who.int/data/gho/data/indicators/indicator-details/GHO/gho-ghe-ncd-deaths-in-thousands,2008,2008,2008,WPR,Western Pacific,AUS,Australia,SEX,SEX_MLE,Male,65668.66,65669 [52619-82137],52618.86,82136.76,44.78684043433278
5391,HWF_0008,Nursing personnel (number),https://www.who.int/data/gho/data/indicators/indicator-details/GHO/nursing-personnel-%28number%29,1987,1987,1987,WPR,Western Pacific,AUS,Australia,,,,185000.0,185 000,,,56.234079676091696
5504,SDGNTDTREATMENT,Reported number of people requiring interventions against NTDs,https://www.who.int/data/gho/data/indicators/indicator-details/GHO/reported-number-of-people-requiring-interventions-against-ntds,2014,2014,2014,WPR,Western Pacific,AUS,Australia,,,,54311.0,54 311,,,37.535592845492495
5523,HWF_0002,Medical doctors (number),https://www.who.int/data/gho/data/indicators/indicator-details/GHO/medical-doctors-%28number%29,1996,1996,1996,WPR,Western Pacific,AUS,Australia,,,,43756.0,43 756,,,42.40086825070739
5574,HWF_0007,Nursing and midwifery personnel  (number),https://www.who.int/data/gho/data/indicators/indicator-details/GHO/nursing-and-midwifery-personnel-%28number%29,1980,1980,1980,WPR,Western Pacific,AUS,Australia,,,,151800.0,151 800,,,42.72061058390463
5652,HWF_0002,Medical doctors (number),https://www.who.int/data/gho/data/indicators/indicator-details/GHO/medical-doctors-%28number%29,1986,1986,1986,WPR,Western Pacific,AUS,Australia,,,,32137.0,32 137,,,31.141710919027872
5718,NCD_DTH_TOT,Total NCD Deaths (in thousands),https://www.who.int/data/gho/data/indicators/indicator-details/GHO/gho-ghe-ncd-deaths-in-thousands,2004,2004,2004,WPR,Western Pacific,AUS,Australia,SEX,SEX_MLE,Male,59289.0,59289 [48330-73003],48329.76,73002.77,40.43583320431932
5724,HWF_0002,Medical doctors (number),https://www.who.int/data/gho/data/indicators/indicator-details/GHO/medical-doctors-%28number%29,2019,2019,2019,WPR,Western Pacific,AUS,Australia,,,,97039.0,97 039,,,94.03368347610372
5799,HWF_0007,Nursing and midwifery personnel  (number),https://www.who.int/data/gho/data/indicators/indicator-details/GHO/nursing-and-midwifery-personnel-%28number%29,1991,1991,1991,WPR,Western Pacific,AUS,Australia,,,,208800.0,208 800,,,58.76194657390834
5824,NCD_DTH_TOT,Total NCD Deaths (in thousands),https://www.who.int/data/gho/data/indicators/indicator-details/GHO/gho-ghe-ncd-deaths-in-thousands,2013,2013,2013,WPR,Western Pacific,AUS,Australia,SEX,SEX_BTSX,Both sexes,134139.8,134140 [99449-177756],99449.16,177755.8,91.4850069803969
5842,HWF_0008,Nursing personnel (number),https://www.who.int/data/gho/data/indicators/indicator-details/GHO/nursing-personnel-%28number%29,2019,2019,2019,WPR,Western Pacific,AUS,Australia,,,,309906.0,309 906,,,94.20150646539932
5945,NCD_DTH_TOT,Total NCD Deaths (in thousands),https://www.who.int/data/gho/data/indicators/indicator-details/GHO/gho-ghe-ncd-deaths-in-thousands,2002,2002,2002,WPR,Western Pacific,AUS,Australia,SEX,SEX_BTSX,Both sexes,116233.1,116233 [92079-145667],92078.68,145667.2,79.2724155310592
5957,HWF_0002,Medical doctors (number),https://www.who.int/data/gho/data/indicators/indicator-details/GHO/medical-doctors-%28number%29,2008,2008,2008,WPR,Western Pacific,AUS,Australia,,,,64117.0,64 117,,,62.131284158300716
5994,HWF_0007,Nursing and midwifery personnel  (number),https://www.who.int/data/gho/data/indicators/indicator-details/GHO/nursing-and-midwifery-personnel-%28number%29,1984,1984,1984,WPR,Western Pacific,AUS,Australia,,,,154400.0,154 400,,,43.45232064660655
6038,NCD_DTH_TOT,Total NCD Deaths (in thousands),https://www.who.int/data/gho/data/indicators/indicator-details/GHO/gho-ghe-ncd-deaths-in-thousands,2011,2011,2011,WPR,Western Pacific,AUS,Australia,SEX,SEX_MLE,Male,68161.06,68161 [53906-86591],53906.14,86590.52,46.48668814096378
6046,NCD_DTH_TOT,Total NCD Deaths (in thousands),https://www.who.int/data/gho/data/indicators/indicator-details/GHO/gho-ghe-ncd-deaths-in-thousands,2000,2000,2000,WPR,Western Pacific,AUS,Australia,SEX,SEX_BTSX,Both sexes,112717.9,112718 [90268-139827],90268.05,139827.2,76.87500554135075
6099,NCD_DTH_TOT,Total NCD Deaths (in thousands),https://www.who.int/data/gho/data/indicators/indicator-details/GHO/gho-ghe-ncd-deaths-in-thousands,2013,2013,2013,WPR,Western Pacific,AUS,Australia,SEX,SEX_FMLE,Female,65409.14,65409 [45866-88921],45866.41,88921.27,44.609844576194085
6113,NCD_DTH_TOT,Total NCD Deaths (in thousands),https://www.who.int/data/gho/data/indicators/indicator-details/GHO/gho-ghe-ncd-deaths-in-thousands,2016,2016,2016,WPR,Western Pacific,AUS,Australia,SEX,SEX_FMLE,Female,69459.0,69459 [47352-96739],47352.11,96739.48,47.371899315873364
6120,HWF_0002,Medical doctors (number),https://www.who.int/data/gho/data/indicators/indicator-details/GHO/medical-doctors-%28number%29,1985,1985,1985,WPR,Western Pacific,AUS,Australia,,,,30168.0,30 168,,,29.233691228342185
6319,HWF_0008,Nursing personnel (number),https://www.who.int/data/gho/data/indicators/indicator-details/GHO/nursing-personnel-%28number%29,2020,2020,2020,WPR,Western Pacific,AUS,Australia,,,,315017.0,315 017,,,95.7550869044507
6334,HWF_0007,Nursing and midwifery personnel  (number),https://www.who.int/data/gho/data/indicators/indicator-details/GHO/nursing-and-midwifery-personnel-%28number%29,2019,2019,2019,WPR,Western Pacific,AUS,Australia,,,,336286.0,336 286,,,94.63994236376122
6395,HWF_0002,Medical doctors (number),https://www.who.int/data/gho/data/indicators/indicator-details/GHO/medical-doctors-%28number%29,1987,1987,1987,WPR,Western Pacific,AUS,Australia,,,,33494.0,33 494,,,32.456684367611146
6423,NCD_DTH_TOT,Total NCD Deaths (in thousands),https://www.who.int/data/gho/data/indicators/indicator-details/GHO/gho-ghe-ncd-deaths-in-thousands,2008,2008,2008,WPR,Western Pacific,AUS,Australia,SEX,SEX_FMLE,Female,64190.78,64191 [46637-85112],46636.98,85112.32,43.77890794810431
6558,HWF_0007,Nursing and midwifery personnel  (number),https://www.who.int/data/gho/data/indicators/indicator-details/GHO/nursing-and-midwifery-personnel-%28number%29,2021,2021,2021,WPR,Western Pacific,AUS,Australia,,,,355332.0,355 332,,,100.0
6606,SDGNTDTREATMENT,Reported number of people requiring interventions against NTDs,https://www.who.int/data/gho/data/indicators/indicator-details/GHO/reported-number-of-people-requiring-interventions-against-ntds,2016,2016,2016,WPR,Western Pacific,AUS,Australia,,,,20994.0,20 994,,,14.509440743095677
6619,NCD_DTH_TOT,Total NCD Deaths (in thousands),https://www.who.int/data/gho/data/indicators/indicator-details/GHO/gho-ghe-ncd-deaths-in-thousands,2006,2006,2006,WPR,Western Pacific,AUS,Australia,SEX,SEX_BTSX,Both sexes,122610.8,122611 [94572-156861],94571.91,156861.0,83.62208601676797
6686,SDGNTDTREATMENT,Reported number of people requiring interventions against NTDs,https://www.who.int/data/gho/data/indicators/indicator-details/GHO/reported-number-of-people-requiring-interventions-against-ntds,2019,2019,2019,WPR,Western Pacific,AUS,Australia,,,,13700.0,13 700,,,9.468388024216958
6743,HWF_0004,Specialist medical practitioners (number),https://www.who.int/data/gho/data/indicators/indicator-details/GHO/specialist-medical-practitioners-%28number%29,2002,2002,2002,WPR,Western Pacific,AUS,Australia,,,,21904.0,21 904,,,43.5112532528158
6779,HWF_0004,Specialist medical practitioners (number),https://www.who.int/data/gho/data/indicators/indicator-details/GHO/specialist-medical-practitioners-%28number%29,1999,1999,1999,WPR,Western Pacific,AUS,Australia,,,,19395.0,19 395,,,38.527244194592875
6835,HWF_0002,Medical doctors (number),https://www.who.int/data/gho/data/indicators/indicator-details/GHO/medical-doctors-%28number%29,2000,2000,2000,WPR,Western Pacific,AUS,Australia,,,,47372.0,47 372,,,45.90488003410985
6837,SDGNTDTREATMENT,Reported number of people requiring interventions against NTDs,https://www.who.int/data/gho/data/indicators/indicator-details/GHO/reported-number-of-people-requiring-interventions-against-ntds,2021,2021,2021,WPR,Western Pacific,AUS,Australia,,,,18286.0,18 286,,,12.637879081082575
6866,NCD_DTH_TOT,Total NCD Deaths (in thousands),https://www.who.int/data/gho/data/indicators/indicator-details/GHO/gho-ghe-ncd-deaths-in-thousands,2018,2018,2018,WPR,Western Pacific,AUS,Australia,SEX,SEX_FMLE,Female,69402.04,69402 [46551-98242],46550.85,98242.19,47.33305188954945
6951,NCD_DTH_TOT,Total NCD Deaths (in thousands),https://www.who.int/data/gho/data/indicators/indicator-details/GHO/gho-ghe-ncd-deaths-in-thousands,2010,2010,2010,WPR,Western Pacific,AUS,Australia,SEX,SEX_MLE,Male,64942.23,64942 [51644-81976],51644.02,81976.25,44.29140616634692
7082,HWF_0002,Medical doctors (number),https://www.who.int/data/gho/data/indicators/indicator-details/GHO/medical-doctors-%28number%29,1994,1994,1994,WPR,Western Pacific,AUS,Australia,,,,43404.0,43 404,,,42.059769758517774
7098,SDGNTDTREATMENT,Reported number of people requiring interventions against NTDs,https://www.who.int/data/gho/data/indicators/indicator-details/GHO/reported-number-of-people-requiring-interventions-against-ntds,2020,2020,2020,WPR,Western Pacific,AUS,Australia,,,,20401.0,20 401,,,14.09960467752191
7162,HWF_0007,Nursing and midwifery personnel  (number),https://www.who.int/data/gho/data/indicators/indicator-details/GHO/nursing-and-midwifery-personnel-%28number%29,2008,2008,2008,WPR,Western Pacific,AUS,Australia,,,,218928.0,218 928,,,61.61223869507953
7215,HWF_0002,Medical doctors (number),https://www.who.int/data/gho/data/indicators/indicator-details/GHO/medical-doctors-%28number%29,2015,2015,2015,WPR,Western Pacific,AUS,Australia,,,,83490.0,83 490,,,80.90429861622543
7245,NCD_DTH_TOT,Total NCD Deaths (in thousands),https://www.who.int/data/gho/data/indicators/indicator-details/GHO/gho-ghe-ncd-deaths-in-thousands,2001,2001,2001,WPR,Western Pacific,AUS,Australia,SEX,SEX_MLE,Male,57673.68,57674 [47739-69961],47738.71,69960.51,39.33416493378683
7293,HWF_0007,Nursing and midwifery personnel  (number),https://www.who.int/data/gho/data/indicators/indicator-details/GHO/nursing-and-midwifery-personnel-%28number%29,2017,2017,2017,WPR,Western Pacific,AUS,Australia,,,,313774.0,313 774,,,88.30445892855133
7372,SDGNTDTREATMENT,Reported number of people requiring interventions against NTDs,https://www.who.int/data/gho/data/indicators/indicator-details/GHO/reported-number-of-people-requiring-interventions-against-ntds,2013,2013,2013,WPR,Western Pacific,AUS,Australia,,,,144692.0,144 692,,,100.0
7391,NCD_DTH_TOT,Total NCD Deaths (in thousands),https://www.who.int/data/gho/data/indicators/indicator-details/GHO/gho-ghe-ncd-deaths-in-thousands,2014,2014,2014,WPR,Western Pacific,AUS,Australia,SEX,SEX_FMLE,Female,68199.8,68200 [47415-93207],47414.65,93207.32,46.513109301353325
7543,NCD_DTH_TOT,Total NCD Deaths (in thousands),https://www.who.int/data/gho/data/indicators/indicator-details/GHO/gho-ghe-ncd-deaths-in-thousands,2007,2007,2007,WPR,Western Pacific,AUS,Australia,SEX,SEX_MLE,Male,62413.0,62413 [50237-77757],50236.71,77757.12,42.56643994301105
7602,NCD_DTH_TOT,Total NCD Deaths (in thousands),https://www.who.int/data/gho/data/indicators/indicator-details/GHO/gho-ghe-ncd-deaths-in-thousands,2003,2003,2003,WPR,Western Pacific,AUS,Australia,SEX,SEX_BTSX,Both sexes,114548.3,114548 [90197-144490],90197.0,144490.3,78.1233610389504
7622,NCD_DTH_TOT,Total NCD Deaths (in thousands),https://www.who.int/data/gho/data/indicators/indicator-details/GHO/gho-ghe-ncd-deaths-in-thousands,2019,2019,2019,WPR,Western Pacific,AUS,Australia,SEX,SEX_MLE,Male,75661.25,75661 [54848-103644],54848.04,103643.5,51.601910725940826
7670,HWF_0007,Nursing and midwifery personnel  (number),https://www.who.int/data/gho/data/indicators/indicator-details/GHO/nursing-and-midwifery-personnel-%28number%29,2011,2011,2011,WPR,Western Pacific,AUS,Australia,,,,243690.0,243 690,,,68.58093276147378
7674,HWF_0002,Medical doctors (number),https://www.who.int/data/gho/data/indicators/indicator-details/GHO/medical-doctors-%28number%29,1978,1978,1978,WPR,Western Pacific,AUS,Australia,,,,26591.0,26 591,,,25.767471607426646
7690,HWF_0002,Medical doctors (number),https://www.who.int/data/gho/data/indicators/indicator-details/GHO/medical-doctors-%28number%29,2004,2004,2004,WPR,Western Pacific,AUS,Australia,,,,53966.0,53 966,,,52.294662583821086
7775,HWF_0002,Medical doctors (number),https://www.who.int/data/gho/data/indicators/indicator-details/GHO/medical-doctors-%28number%29,1977,1977,1977,WPR,Western Pacific,AUS,Australia,,,,23406.0,23 406,,,22.681111670994998
7803,HWF_0002,Medical doctors (number),https://www.who.int/data/gho/data/indicators/indicator-details/GHO/medical-doctors-%28number%29,2011,2011,2011,WPR,Western Pacific,AUS,Australia,,,,74100.0,74 100,,,71.80510872514438
7905,HWF_0008,Nursing personnel (number),https://www.who.int/data/gho/data/indicators/indicator-details/GHO/nursing-personnel-%28number%29,2003,2003,2003,WPR,Western Pacific,AUS,Australia,,,,195975.0,195 975,,,59.57012845687606
7913,HWF_0008,Nursing personnel (number),https://www.who.int/data/gho/data/indicators/indicator-details/GHO/nursing-personnel-%28number%29,1993,1993,1993,WPR,Western Pacific,AUS,Australia,,,,195737.0,195 737,,,59.497784073292756
7982,HWF_0008,Nursing personnel (number),https://www.who.int/data/gho/data/indicators/indicator-details/GHO/nursing-personnel-%28number%29,1989,1989,1989,WPR,Western Pacific,AUS,Australia,,,,197000.0,197 000,,,59.88169565508144
8121,HWF_0002,Medical doctors (number),https://www.who.int/data/gho/data/indicators/indicator-details/GHO/medical-doctors-%28number%29,1974,1974,1974,WPR,Western Pacific,AUS,Australia,,,,19460.0,19 460,,,18.857320051164773
8127,HWF_0004,Specialist medical practitioners (number),https://www.who.int/data/gho/data/indicators/indicator-details/GHO/specialist-medical-practitioners-%28number%29,2008,2008,2008,WPR,Western Pacific,AUS,Australia,,,,30675.0,30 675,,,60.934427206452
8153,NCD_DTH_TOT,Total NCD Deaths (in thousands),https://www.who.int/data/gho/data/indicators/indicator-details/GHO/gho-ghe-ncd-deaths-in-thousands,2017,2017,2017,WPR,Western Pacific,AUS,Australia,SEX,SEX_BTSX,Both sexes,144722.9,144723 [102923-198877],102923.0,198877.3,98.70281241453533
8189,HWF_0007,Nursing and midwifery personnel  (number),https://www.who.int/data/gho/data/indicators/indicator-details/GHO/nursing-and-midwifery-personnel-%28number%29,2013,2013,2013,WPR,Western Pacific,AUS,Australia,,,,277658.0,277 658,,,78.14044330372721
8194,NCD_DTH_TOT,Total NCD Deaths (in thousands),https://www.who.int/data/gho/data/indicators/indicator-details/GHO/gho-ghe-ncd-deaths-in-thousands,2006,2006,2006,WPR,Western Pacific,AUS,Australia,SEX,SEX_FMLE,Female,60365.47,60365 [44345-79463],44344.93,79463.11,41.16999909292351
8219,SDGNTDTREATMENT,Reported number of people requiring interventions against NTDs,https://www.who.int/data/gho/data/indicators/indicator-details/GHO/reported-number-of-people-requiring-interventions-against-ntds,2012,2012,2012,WPR,Western Pacific,AUS,Australia,,,,60279.0,60 279,,,41.66021618334116
8302,HWF_0007,Nursing and midwifery personnel  (number),https://www.who.int/data/gho/data/indicators/indicator-details/GHO/nursing-and-midwifery-personnel-%28number%29,1998,1998,1998,WPR,Western Pacific,AUS,Australia,,,,191611.0,191 611,,,53.924498778607045
8557,HWF_0004,Specialist medical practitioners (number),https://www.who.int/data/gho/data/indicators/indicator-details/GHO/specialist-medical-practitioners-%28number%29,2014,2014,2014,WPR,Western Pacific,AUS,Australia,,,,39253.0,39 253,,,77.97421584791721
8615,HWF_0002,Medical doctors (number),https://www.who.int/data/gho/data/indicators/indicator-details/GHO/medical-doctors-%28number%29,2014,2014,2014,WPR,Western Pacific,AUS,Australia,,,,80968.0,80 968,,,78.4604054420714
8635,NCD_DTH_TOT,Total NCD Deaths (in thousands),https://www.who.int/data/gho/data/indicators/indicator-details/GHO/gho-ghe-ncd-deaths-in-thousands,2014,2014,2014,WPR,Western Pacific,AUS,Australia,SEX,SEX_BTSX,Both sexes,138710.4,138710 [101929-185030],101928.5,185029.9,94.60221285743418
8641,HWF_0002,Medical doctors (number),https://www.who.int/data/gho/data/indicators/indicator-details/GHO/medical-doctors-%28number%29,2009,2009,2009,WPR,Western Pacific,AUS,Australia,,,,67613.0,67 613,,,65.51901236482034
8776,HWF_0002,Medical doctors (number),https://www.who.int/data/gho/data/indicators/indicator-details/GHO/medical-doctors-%28number%29,2010,2010,2010,WPR,Western Pacific,AUS,Australia,,,,74061.0,74 061,,,71.76731656265747
8829,NCD_DTH_TOT,Total NCD Deaths (in thousands),https://www.who.int/data/gho/data/indicators/indicator-details/GHO/gho-ghe-ncd-deaths-in-thousands,2005,2005,2005,WPR,Western Pacific,AUS,Australia,SEX,SEX_MLE,Male,60949.13,60949 [49435-75373],49435.23,75372.85,41.56806245051147
8988,HWF_0007,Nursing and midwifery personnel  (number),https://www.who.int/data/gho/data/indicators/indicator-details/GHO/nursing-and-midwifery-personnel-%28number%29,1992,1992,1992,WPR,Western Pacific,AUS,Australia,,,,202300.0,202 300,,,56.932671417153536
8998,HWF_0002,Medical doctors (number),https://www.who.int/data/gho/data/indicators/indicator-details/GHO/medical-doctors-%28number%29,2021,2021,2021,WPR,Western Pacific,AUS,Australia,,,,103196.0,103 196,,,100.0
9048,HWF_0008,Nursing personnel (number),https://www.who.int/data/gho/data/indicators/indicator-details/GHO/nursing-personnel-%28number%29,1996,1996,1996,WPR,Western Pacific,AUS,Australia,,,,197458.0,197 458,,,60.02091299827954
9094,HWF_0002,Medical doctors (number),https://www.who.int/data/gho/data/indicators/indicator-details/GHO/medical-doctors-%28number%29,1980,1980,1980,WPR,Western Pacific,AUS,Australia,,,,27160.0,27 160,,,26.31884956781271
9143,HWF_0004,Specialist medical practitioners (number),https://www.who.int/data/gho/data/indicators/indicator-details/GHO/specialist-medical-practitioners-%28number%29,2007,2007,2007,WPR,Western Pacific,AUS,Australia,,,,29836.0,29 836,,,59.26779364732524
9152,HWF_0007,Nursing and midwifery personnel  (number),https://www.who.int/data/gho/data/indicators/indicator-details/GHO/nursing-and-midwifery-personnel-%28number%29,1995,1995,1995,WPR,Western Pacific,AUS,Australia,,,,195120.0,195 120,,,54.91202593630745
9203,HWF_0004,Specialist medical practitioners (number),https://www.who.int/data/gho/data/indicators/indicator-details/GHO/specialist-medical-practitioners-%28number%29,2006,2006,2006,WPR,Western Pacific,AUS,Australia,,,,27192.0,27 192,,,54.01561351582209
9204,NCD_DTH_TOT,Total NCD Deaths (in thousands),https://www.who.int/data/gho/data/indicators/indicator-details/GHO/gho-ghe-ncd-deaths-in-thousands,2017,2017,2017,WPR,Western Pacific,AUS,Australia,SEX,SEX_FMLE,Female,70508.78,70509 [47593-99221],47593.17,99220.79,48.087862293512224
9279,NCD_DTH_TOT,Total NCD Deaths (in thousands),https://www.who.int/data/gho/data/indicators/indicator-details/GHO/gho-ghe-ncd-deaths-in-thousands,2002,2002,2002,WPR,Western Pacific,AUS,Australia,SEX,SEX_FMLE,Female,57004.15,57004 [43307-73396],43307.16,73395.78,38.87753717138086
9499,HWF_0008,Nursing personnel (number),https://www.who.int/data/gho/data/indicators/indicator-details/GHO/nursing-personnel-%28number%29,2000,2000,2000,WPR,Western Pacific,AUS,Australia,,,,191568.0,191 568,,,58.23054148859208
9529,HWF_0002,Medical doctors (number),https://www.who.int/data/gho/data/indicators/indicator-details/GHO/medical-doctors-%28number%29,1989,1989,1989,WPR,Western Pacific,AUS,Australia,,,,35951.0,35 951,,,34.83759060428699
9546,HWF_0008,Nursing personnel (number),https://www.who.int/data/gho/data/indicators/indicator-details/GHO/nursing-personnel-%28number%29,1982,1982,1982,WPR,Western Pacific,AUS,Australia,,,,149500.0,149 500,,,45.443215738247076
9575,HWF_0002,Medical doctors (number),https://www.who.int/data/gho/data/indicators/indicator-details/GHO/medical-doctors-%28number%29,1998,1998,1998,WPR,Western Pacific,AUS,Australia,,,,44684.0,44 684,,,43.300127911934574
9636,HWF_0002,Medical doctors (number),https://www.who.int/data/gho/data/indicators/indicator-details/GHO/medical-doctors-%28number%29,2017,2017,2017,WPR,Western Pacific,AUS,Australia,,,,90417.0,90 417,,,87.6167680917865
9708,HWF_0007,Nursing and midwifery personnel  (number),https://www.who.int/data/gho/data/indicators/indicator-details/GHO/nursing-and-midwifery-personnel-%28number%29,1987,1987,1987,WPR,Western Pacific,AUS,Australia,,,,185000.0,185 000,,,52.06398523071382
9711,NCD_DTH_TOT,Total NCD Deaths (in thousands),https://www.who.int/data/gho/data/indicators/indicator-details/GHO/gho-ghe-ncd-deaths-in-thousands,2015,2015,2015,WPR,Western Pacific,AUS,Australia,SEX,SEX_MLE,Male,72979.9,72980 [55810-95928],55809.87,95927.73,49.77319677626378
9727,HWF_0002,Medical doctors (number),https://www.who.int/data/gho/data/indicators/indicator-details/GHO/medical-doctors-%28number%29,1991,1991,1991,WPR,Western Pacific,AUS,Australia,,,,40348.0,40 348,,,39.09841466723517
9824,HWF_0008,Nursing personnel (number),https://www.who.int/data/gho/data/indicators/indicator-details/GHO/nursing-personnel-%28number%29,2021,2021,2021,WPR,Western Pacific,AUS,Australia,,,,328982.0,328 982,,,100.0
9843,HWF_0002,Medical doctors (number),https://www.who.int/data/gho/data/indicators/indicator-details/GHO/medical-doctors-%28number%29,1971,1971,1971,WPR,Western Pacific,AUS,Australia,,,,16525.0,16 525,,,16.013217566572347
9850,HWF_0008,Nursing personnel (number),https://www.who.int/data/gho/data/indicators/indicator-details/GHO/nursing-personnel-%28number%29,1998,1998,1998,WPR,Western Pacific,AUS,Australia,,,,191611.0,191 611,,,58.24361211251679
9887,HWF_0008,Nursing personnel (number),https://www.who.int/data/gho/data/indicators/indicator-details/GHO/nursing-personnel-%28number%29,1994,1994,1994,WPR,Western Pacific,AUS,Australia,,,,204748.0,204 748,,,62.2368397055158
9892,HWF_0004,Specialist medical practitioners (number),https://www.who.int/data/gho/data/indicators/indicator-details/GHO/specialist-medical-practitioners-%28number%29,2000,2000,2000,WPR,Western Pacific,AUS,Australia,,,,19388.0,19 388,,,38.5133390278302
9956,HWF_0008,Nursing personnel (number),https://www.who.int/data/gho/data/indicators/indicator-details/GHO/nursing-personnel-%28number%29,2013,2013,2013,WPR,Western Pacific,AUS,Australia,,,,257189.0,257 189,,,78.17722550169918
10090,HWF_0004,Specialist medical practitioners (number),https://www.who.int/data/gho/data/indicators/indicator-details/GHO/specialist-medical-practitioners-%28number%29,2016,2016,2016,WPR,Western Pacific,AUS,Australia,,,,43036.0,43 036,,,85.48896525694761
10147,HWF_0008,Nursing personnel (number),https://www.who.int/data/gho/data/indicators/indicator-details/GHO/nursing-personnel-%28number%29,2018,2018,2018,WPR,Western Pacific,AUS,Australia,,,,297807.0,297 807,,,90.52379765458292
10263,HWF_0008,Nursing personnel (number),https://www.who.int/data/gho/data/indicators/indicator-details/GHO/nursing-personnel-%28number%29,1990,1990,1990,WPR,Western Pacific,AUS,Australia,,,,198500.0,198 500,,,60.33764765245515
10324,NTD_TSOL3,Number of pigs in the country,https://www.who.int/data/gho/data/indicators/indicator-details/GHO/taenia-solium-number-of-pigs-in-the-country,2020,2020,2020,WPR,Western Pacific,AUS,Australia,,,,2258046.0,2258046,,,100.0
10371,HWF_0007,Nursing and midwifery personnel  (number),https://www.who.int/data/gho/data/indicators/indicator-details/GHO/nursing-and-midwifery-personnel-%28number%29,1985,1985,1985,WPR,Western Pacific,AUS,Australia,,,,150700.0,150 700,,,42.411040941992276
10549,HWF_0002,Medical doctors (number),https://www.who.int/data/gho/data/indicators/indicator-details/GHO/medical-doctors-%28number%29,2001,2001,2001,WPR,Western Pacific,AUS,Australia,,,,49392.0,49 392,,,47.86232024497073
10600,HWF_0008,Nursing personnel (number),https://www.who.int/data/gho/data/indicators/indicator-details/GHO/nursing-personnel-%28number%29,1995,1995,1995,WPR,Western Pacific,AUS,Australia,,,,195120.0,195 120,,,59.310235818373044
10655,HWF_0002,Medical doctors (number),https://www.who.int/data/gho/data/indicators/indicator-details/GHO/medical-doctors-%28number%29,1979,1979,1979,WPR,Western Pacific,AUS,Australia,,,,25812.0,25 812,,,25.01259738749564
10668,HWF_0004,Specialist medical practitioners (number),https://www.who.int/data/gho/data/indicators/indicator-details/GHO/specialist-medical-practitioners-%28number%29,2004,2004,2004,WPR,Western Pacific,AUS,Australia,,,,24378.0,24 378,,,48.42573647722532
10672,SDGNTDTREATMENT,Reported number of people requiring interventions against NTDs,https://www.who.int/data/gho/data/indicators/indicator-details/GHO/reported-number-of-people-requiring-interventions-against-ntds,2018,2018,2018,WPR,Western Pacific,AUS,Australia,,,,20123.0,20 123,,,13.907472424183783
10935,HWF_0008,Nursing personnel (number),https://www.who.int/data/gho/data/indicators/indicator-details/GHO/nursing-personnel-%28number%29,2015,2015,2015,WPR,Western Pacific,AUS,Australia,,,,271151.0,271 151,,,82.42122669325373
11033,HWF_0008,Nursing personnel (number),https://www.who.int/data/gho/data/indicators/indicator-details/GHO/nursing-personnel-%28number%29,2012,2012,2012,WPR,Western Pacific,AUS,Australia,,,,232321.0,232 321,,,70.61814932123947
11118,HWF_0008,Nursing personnel (number),https://www.who.int/data/gho/data/indicators/indicator-details/GHO/nursing-personnel-%28number%29,1980,1980,1980,WPR,Western Pacific,AUS,Australia,,,,151800.0,151 800,,,46.14234213422011
11127,HWF_0008,Nursing personnel (number),https://www.who.int/data/gho/data/indicators/indicator-details/GHO/nursing-personnel-%28number%29,1992,1992,1992,WPR,Western Pacific,AUS,Australia,,,,202300.0,202 300,,,61.492726045801895
11188,HWF_0008,Nursing personnel (number),https://www.who.int/data/gho/data/indicators/indicator-details/GHO/nursing-personnel-%28number%29,2005,2005,2005,WPR,Western Pacific,AUS,Australia,,,,196998.0,196 998,,,59.88108771908494
11218,HWF_0007,Nursing and midwifery personnel  (number),https://www.who.int/data/gho/data/indicators/indicator-details/GHO/nursing-and-midwifery-personnel-%28number%29,2005,2005,2005,WPR,Western Pacific,AUS,Australia,,,,196998.0,196 998,,,55.44054574313599
11237,HWF_0002,Medical doctors (number),https://www.who.int/data/gho/data/indicators/indicator-details/GHO/medical-doctors-%28number%29,2007,2007,2007,WPR,Western Pacific,AUS,Australia,,,,62652.0,62 652,,,60.71165549052289
11275,HWF_0004,Specialist medical practitioners (number),https://www.who.int/data/gho/data/indicators/indicator-details/GHO/specialist-medical-practitioners-%28number%29,2020,2020,2020,WPR,Western Pacific,AUS,Australia,,,,48577.0,48 577,,,96.49589797580501
11288,HWF_0002,Medical doctors (number),https://www.who.int/data/gho/data/indicators/indicator-details/GHO/medical-doctors-%28number%29,1984,1984,1984,WPR,Western Pacific,AUS,Australia,,,,28524.0,28 524,,,27.64060622504748
11295,NCD_DTH_TOT,Total NCD Deaths (in thousands),https://www.who.int/data/gho/data/indicators/indicator-details/GHO/gho-ghe-ncd-deaths-in-thousands,2010,2010,2010,WPR,Western Pacific,AUS,Australia,SEX,SEX_FMLE,Female,63330.19,63330 [45454-84724],45454.05,84723.91,43.19197489648757
11341,HWF_0002,Medical doctors (number),https://www.who.int/data/gho/data/indicators/indicator-details/GHO/medical-doctors-%28number%29,1993,1993,1993,WPR,Western Pacific,AUS,Australia,,,,42300.0,42 300,,,40.98996085119578
11343,HWF_0002,Medical doctors (number),https://www.who.int/data/gho/data/indicators/indicator-details/GHO/medical-doctors-%28number%29,1983,1983,1983,WPR,Western Pacific,AUS,Australia,,,,29956.0,29 956,,,29.028256909182527
11479,HWF_0007,Nursing and midwifery personnel  (number),https://www.who.int/data/gho/data/indicators/indicator-details/GHO/nursing-and-midwifery-personnel-%28number%29,2007,2007,2007,WPR,Western Pacific,AUS,Australia,,,,212480.0,212 480,,,59.797597739578755
11487,HWF_0002,Medical doctors (number),https://www.who.int/data/gho/data/indicators/indicator-details/GHO/medical-doctors-%28number%29,1999,1999,1999,WPR,Western Pacific,AUS,Australia,,,,45999.0,45 999,,,44.574402108608865
11660,NCD_DTH_TOT,Total NCD Deaths (in thousands),https://www.who.int/data/gho/data/indicators/indicator-details/GHO/gho-ghe-ncd-deaths-in-thousands,2011,2011,2011,WPR,Western Pacific,AUS,Australia,SEX,SEX_BTSX,Both sexes,133523.9,133524 [100508-174417],100508.2,174416.8,91.06495554302168
11781,NCD_DTH_TOT,Total NCD Deaths (in thousands),https://www.who.int/data/gho/data/indicators/indicator-details/GHO/gho-ghe-ncd-deaths-in-thousands,2012,2012,2012,WPR,Western Pacific,AUS,Australia,SEX,SEX_BTSX,Both sexes,133473.2,133473 [99701-175698],99701.23,175698.3,91.03037751432397
12097,HWF_0002,Medical doctors (number),https://www.who.int/data/gho/data/indicators/indicator-details/GHO/medical-doctors-%28number%29,2002,2002,2002,WPR,Western Pacific,AUS,Australia,,,,49895.0,49 895,,,48.349742238071244
12154,NCD_DTH_TOT,Total NCD Deaths (in thousands),https://www.who.int/data/gho/data/indicators/indicator-details/GHO/gho-ghe-ncd-deaths-in-thousands,2007,2007,2007,WPR,Western Pacific,AUS,Australia,SEX,SEX_BTSX,Both sexes,123109.9,123110 [94638-157842],94638.05,157841.8,83.96247840578238
12192,HWF_0002,Medical doctors (number),https://www.who.int/data/gho/data/indicators/indicator-details/GHO/medical-doctors-%28number%29,1988,1988,1988,WPR,Western Pacific,AUS,Australia,,,,34763.0,34 763,,,33.68638319314702
12264,NCD_DTH_TOT,Total NCD Deaths (in thousands),https://www.who.int/data/gho/data/indicators/indicator-details/GHO/gho-ghe-ncd-deaths-in-thousands,2005,2005,2005,WPR,Western Pacific,AUS,Australia,SEX,SEX_FMLE,Female,59004.1,59004 [43702-77252],43701.52,77251.84,40.24152787145976
12267,NCD_DTH_TOT,Total NCD Deaths (in thousands),https://www.who.int/data/gho/data/indicators/indicator-details/GHO/gho-ghe-ncd-deaths-in-thousands,2018,2018,2018,WPR,Western Pacific,AUS,Australia,SEX,SEX_BTSX,Both sexes,143536.5,143537 [101075-198618],101075.3,198617.5,97.89367290276073
12298,NCD_DTH_TOT,Total NCD Deaths (in thousands),https://www.who.int/data/gho/data/indicators/indicator-details/GHO/gho-ghe-ncd-deaths-in-thousands,2019,2019,2019,WPR,Western Pacific,AUS,Australia,SEX,SEX_FMLE,Female,70963.63,70964 [47143-101419],47143.4,101418.7,48.398075633811175
12353,NCD_DTH_TOT,Total NCD Deaths (in thousands),https://www.who.int/data/gho/data/indicators/indicator-details/GHO/gho-ghe-ncd-deaths-in-thousands,2007,2007,2007,WPR,Western Pacific,AUS,Australia,SEX,SEX_FMLE,Female,60696.88,60697 [44401-80085],44401.34,80084.68,41.39602482252332
12364,NCD_DTH_TOT,Total NCD Deaths (in thousands),https://www.who.int/data/gho/data/indicators/indicator-details/GHO/gho-ghe-ncd-deaths-in-thousands,2015,2015,2015,WPR,Western Pacific,AUS,Australia,SEX,SEX_FMLE,Female,70274.62,70275 [48410-97001],48409.93,97000.66,47.92816226984639
12565,HWF_0008,Nursing personnel (number),https://www.who.int/data/gho/data/indicators/indicator-details/GHO/nursing-personnel-%28number%29,1986,1986,1986,WPR,Western Pacific,AUS,Australia,,,,175000.0,175 000,,,53.19439969360026
12672,HWF_0008,Nursing personnel (number),https://www.who.int/data/gho/data/indicators/indicator-details/GHO/nursing-personnel-%28number%29,1988,1988,1988,WPR,Western Pacific,AUS,Australia,,,,191800.0,191 800,,,58.301062064185885
12674,SDGNTDTREATMENT,Reported number of people requiring interventions against NTDs,https://www.who.int/data/gho/data/indicators/indicator-details/GHO/reported-number-of-people-requiring-interventions-against-ntds,2011,2011,2011,WPR,Western Pacific,AUS,Australia,,,,72560.0,72 560,,,50.14790036767754
12720,NCD_DTH_TOT,Total NCD Deaths (in thousands),https://www.who.int/data/gho/data/indicators/indicator-details/GHO/gho-ghe-ncd-deaths-in-thousands,2008,2008,2008,WPR,Western Pacific,AUS,Australia,SEX,SEX_BTSX,Both sexes,129859.4,129859 [99256-167249],99255.84,167249.1,88.56572110194108
12898,HWF_0008,Nursing personnel (number),https://www.who.int/data/gho/data/indicators/indicator-details/GHO/nursing-personnel-%28number%29,2004,2004,2004,WPR,Western Pacific,AUS,Australia,,,,203517.0,203 517,,,61.8626550996711
12961,HWF_0007,Nursing and midwifery personnel  (number),https://www.who.int/data/gho/data/indicators/indicator-details/GHO/nursing-and-midwifery-personnel-%28number%29,2016,2016,2016,WPR,Western Pacific,AUS,Australia,,,,300987.0,300 987,,,84.70585255479382
13039,NCD_DTH_TOT,Total NCD Deaths (in thousands),https://www.who.int/data/gho/data/indicators/indicator-details/GHO/gho-ghe-ncd-deaths-in-thousands,2004,2004,2004,WPR,Western Pacific,AUS,Australia,SEX,SEX_FMLE,Female,56980.61,56981 [42581-74145],42580.8,74145.29,38.86148259947662
13178,NCD_DTH_TOT,Total NCD Deaths (in thousands),https://www.who.int/data/gho/data/indicators/indicator-details/GHO/gho-ghe-ncd-deaths-in-thousands,2015,2015,2015,WPR,Western Pacific,AUS,Australia,SEX,SEX_BTSX,Both sexes,143254.5,143255 [104220-192928],104219.8,192928.4,97.70134540586217
13202,HWF_0007,Nursing and midwifery personnel  (number),https://www.who.int/data/gho/data/indicators/indicator-details/GHO/nursing-and-midwifery-personnel-%28number%29,1996,1996,1996,WPR,Western Pacific,AUS,Australia,,,,208360.0,208 360,,,58.638118717143406
13232,SDGNTDTREATMENT,Reported number of people requiring interventions against NTDs,https://www.who.int/data/gho/data/indicators/indicator-details/GHO/reported-number-of-people-requiring-interventions-against-ntds,2010,2010,2010,WPR,Western Pacific,AUS,Australia,,,,89732.0,89 732,,,62.015868188980726
13245,NCD_DTH_TOT,Total NCD Deaths (in thousands),https://www.who.int/data/gho/data/indicators/indicator-details/GHO/gho-ghe-ncd-deaths-in-thousands,2000,2000,2000,WPR,Western Pacific,AUS,Australia,SEX,SEX_FMLE,Female,55003.67,55004 [42266-70196],42266.41,70196.41,37.513185004729756
13281,HWF_0008,Nursing personnel (number),https://www.who.int/data/gho/data/indicators/indicator-details/GHO/nursing-personnel-%28number%29,2017,2017,2017,WPR,Western Pacific,AUS,Australia,,,,287405.0,287 405,,,87.36192253679532
13330,HWF_0008,Nursing personnel (number),https://www.who.int/data/gho/data/indicators/indicator-details/GHO/nursing-personnel-%28number%29,1984,1984,1984,WPR,Western Pacific,AUS,Australia,,,,154400.0,154 400,,,46.93265892966789
13533,NTD_TSOL3,Number of pigs in the country,https://www.who.int/data/gho/data/indicators/indicator-details/GHO/taenia-solium-number-of-pigs-in-the-country,2016,2016,2016,WPR,Western Pacific,AUS,Australia,,,,2098147.0,2098147,,,92.91870050477272
13546,HWF_0004,Specialist medical practitioners (number),https://www.who.int/data/gho/data/indicators/indicator-details/GHO/specialist-medical-practitioners-%28number%29,2017,2017,2017,WPR,Western Pacific,AUS,Australia,,,,44304.0,44 304,,,88.00778689338709
13584,HWF_0002,Medical doctors (number),https://www.who.int/data/gho/data/indicators/indicator-details/GHO/medical-doctors-%28number%29,1973,1973,1973,WPR,Western Pacific,AUS,Australia,,,,18225.0,18 225,,,17.660568239079034
13586,HWF_0007,Nursing and midwifery personnel  (number),https://www.who.int/data/gho/data/indicators/indicator-details/GHO/nursing-and-midwifery-personnel-%28number%29,2010,2010,2010,WPR,Western Pacific,AUS,Australia,,,,230446.0,230 446,,,64.85371427284905
13620,NCD_DTH_TOT,Total NCD Deaths (in thousands),https://www.who.int/data/gho/data/indicators/indicator-details/GHO/gho-ghe-ncd-deaths-in-thousands,2009,2009,2009,WPR,Western Pacific,AUS,Australia,SEX,SEX_FMLE,Female,62469.78,62470 [45111-83174],45111.08,83173.66,42.605164607102886
13745,NCD_DTH_TOT,Total NCD Deaths (in thousands),https://www.who.int/data/gho/data/indicators/indicator-details/GHO/gho-ghe-ncd-deaths-in-thousands,2004,2004,2004,WPR,Western Pacific,AUS,Australia,SEX,SEX_BTSX,Both sexes,116269.6,116270 [90911-147148],90910.56,147148.1,79.29730898367194
13785,HWF_0002,Medical doctors (number),https://www.who.int/data/gho/data/indicators/indicator-details/GHO/medical-doctors-%28number%29,1975,1975,1975,WPR,Western Pacific,AUS,Australia,,,,20524.0,20 524,,,19.888367766192488
13849,NCD_DTH_TOT,Total NCD Deaths (in thousands),https://www.who.int/data/gho/data/indicators/indicator-details/GHO/gho-ghe-ncd-deaths-in-thousands,2009,2009,2009,WPR,Western Pacific,AUS,Australia,SEX,SEX_MLE,Male,64445.8,64446 [51412-80990],51412.41,80989.69,43.95283475044144
13882,HWF_0007,Nursing and midwifery personnel  (number),https://www.who.int/data/gho/data/indicators/indicator-details/GHO/nursing-and-midwifery-personnel-%28number%29,2000,2000,2000,WPR,Western Pacific,AUS,Australia,,,,191568.0,191 568,,,53.91239741987774
13945,HWF_0007,Nursing and midwifery personnel  (number),https://www.who.int/data/gho/data/indicators/indicator-details/GHO/nursing-and-midwifery-personnel-%28number%29,2003,2003,2003,WPR,Western Pacific,AUS,Australia,,,,195975.0,195 975,,,55.15264597615751
13963,HWF_0007,Nursing and midwifery personnel  (number),https://www.who.int/data/gho/data/indicators/indicator-details/GHO/nursing-and-midwifery-personnel-%28number%29,2009,2009,2009,WPR,Western Pacific,AUS,Australia,,,,233814.0,233 814,,,65.80156023099524
13989,NCD_DTH_TOT,Total NCD Deaths (in thousands),https://www.who.int/data/gho/data/indicators/indicator-details/GHO/gho-ghe-ncd-deaths-in-thousands,2001,2001,2001,WPR,Western Pacific,AUS,Australia,SEX,SEX_BTSX,Both sexes,112802.5,112803 [89860-140594],89860.41,140593.9,76.93270379042032
14001,NCD_DTH_TOT,Total NCD Deaths (in thousands),https://www.who.int/data/gho/data/indicators/indicator-details/GHO/gho-ghe-ncd-deaths-in-thousands,2017,2017,2017,WPR,Western Pacific,AUS,Australia,SEX,SEX_MLE,Male,74214.15,74214 [55330-99656],55329.79,99656.45,50.61497058139511
14032,NCD_DTH_TOT,Total NCD Deaths (in thousands),https://www.who.int/data/gho/data/indicators/indicator-details/GHO/gho-ghe-ncd-deaths-in-thousands,2014,2014,2014,WPR,Western Pacific,AUS,Australia,SEX,SEX_MLE,Male,70510.62,70511 [54514-91823],54513.87,91822.54,48.089117196328864
14055,HWF_0002,Medical doctors (number),https://www.who.int/data/gho/data/indicators/indicator-details/GHO/medical-doctors-%28number%29,2005,2005,2005,WPR,Western Pacific,AUS,Australia,,,,56084.0,56 084,,,54.34706771580294
14298,HWF_0008,Nursing personnel (number),https://www.who.int/data/gho/data/indicators/indicator-details/GHO/nursing-personnel-%28number%29,2001,2001,2001,WPR,Western Pacific,AUS,Australia,,,,191731.0,191 731,,,58.2800882723067
14305,HWF_0002,Medical doctors (number),https://www.who.int/data/gho/data/indicators/indicator-details/GHO/medical-doctors-%28number%29,2013,2013,2013,WPR,Western Pacific,AUS,Australia,,,,77974.0,77 974,,,75.55913019884491
14479,HWF_0002,Medical doctors (number),https://www.who.int/data/gho/data/indicators/indicator-details/GHO/medical-doctors-%28number%29,1995,1995,1995,WPR,Western Pacific,AUS,Australia,,,,44583.0,44 583,,,43.20225590139153
14506,HWF_0004,Specialist medical practitioners (number),https://www.who.int/data/gho/data/indicators/indicator-details/GHO/specialist-medical-practitioners-%28number%29,1997,1997,1997,WPR,Western Pacific,AUS,Australia,,,,17717.0,17 717,,,35.193977076339365
14518,NCD_DTH_TOT,Total NCD Deaths (in thousands),https://www.who.int/data/gho/data/indicators/indicator-details/GHO/gho-ghe-ncd-deaths-in-thousands,2018,2018,2018,WPR,Western Pacific,AUS,Australia,SEX,SEX_MLE,Male,74134.51,74135 [54524-100375],54524.46,100375.3,50.560655113831274
14551,HWF_0007,Nursing and midwifery personnel  (number),https://www.who.int/data/gho/data/indicators/indicator-details/GHO/nursing-and-midwifery-personnel-%28number%29,2001,2001,2001,WPR,Western Pacific,AUS,Australia,,,,203380.0,203 380,,,57.23661252012203
14594,SDGNTDTREATMENT,Reported number of people requiring interventions against NTDs,https://www.who.int/data/gho/data/indicators/indicator-details/GHO/reported-number-of-people-requiring-interventions-against-ntds,2015,2015,2015,WPR,Western Pacific,AUS,Australia,,,,17476.0,17 476,,,12.078069278190915
14608,HWF_0004,Specialist medical practitioners (number),https://www.who.int/data/gho/data/indicators/indicator-details/GHO/specialist-medical-practitioners-%28number%29,1998,1998,1998,WPR,Western Pacific,AUS,Australia,,,,18493.0,18 493,,,36.73546413460201
14726,HWF_0008,Nursing personnel (number),https://www.who.int/data/gho/data/indicators/indicator-details/GHO/nursing-personnel-%28number%29,2002,2002,2002,WPR,Western Pacific,AUS,Australia,,,,193853.0,193 853,,,58.925108364591374
14822,NCD_DTH_TOT,Total NCD Deaths (in thousands),https://www.who.int/data/gho/data/indicators/indicator-details/GHO/gho-ghe-ncd-deaths-in-thousands,2005,2005,2005,WPR,Western Pacific,AUS,Australia,SEX,SEX_BTSX,Both sexes,119953.2,119953 [93137-152625],93136.75,152624.7,81.80956986159923
14905,HWF_0002,Medical doctors (number),https://www.who.int/data/gho/data/indicators/indicator-details/GHO/medical-doctors-%28number%29,1970,1970,1970,WPR,Western Pacific,AUS,Australia,,,,16697.0,16 697,,,16.17989069343773
15089,HWF_0002,Medical doctors (number),https://www.who.int/data/gho/data/indicators/indicator-details/GHO/medical-doctors-%28number%29,2016,2016,2016,WPR,Western Pacific,AUS,Australia,,,,86550.0,86 550,,,83.86952982673746
15106,HWF_0007,Nursing and midwifery personnel  (number),https://www.who.int/data/gho/data/indicators/indicator-details/GHO/nursing-and-midwifery-personnel-%28number%29,1986,1986,1986,WPR,Western Pacific,AUS,Australia,,,,175000.0,175 000,,,49.24971575878334
15168,HWF_0002,Medical doctors (number),https://www.who.int/data/gho/data/indicators/indicator-details/GHO/medical-doctors-%28number%29,1982,1982,1982,WPR,Western Pacific,AUS,Australia,,,,28821.0,28 821,,,27.928408077832472
15184,HWF_0002,Medical doctors (number),https://www.who.int/data/gho/data/indicators/indicator-details/GHO/medical-doctors-%28number%29,1997,1997,1997,WPR,Western Pacific,AUS,Australia,,,,44194.0,44 194,,,42.8253033063297
15202,HWF_0002,Medical doctors (number),https://www.who.int/data/gho/data/indicators/indicator-details/GHO/medical-doctors-%28number%29,2003,2003,2003,WPR,Western Pacific,AUS,Australia,,,,51819.0,51 819,,,50.21415558742587
15335,HWF_0002,Medical doctors (number),https://www.who.int/data/gho/data/indicators/indicator-details/GHO/medical-doctors-%28number%29,1990,1990,1990,WPR,Western Pacific,AUS,Australia,,,,36991.0,36 991,,,35.84538160393814
15340,HWF_0002,Medical doctors (number),https://www.who.int/data/gho/data/indicators/indicator-details/GHO/medical-doctors-%28number%29,1981,1981,1981,WPR,Western Pacific,AUS,Australia,,,,27710.0,27 710,,,26.85181596185899
15492,NCD_DTH_TOT,Total NCD Deaths (in thousands),https://www.who.int/data/gho/data/indicators/indicator-details/GHO/gho-ghe-ncd-deaths-in-thousands,2001,2001,2001,WPR,Western Pacific,AUS,Australia,SEX,SEX_FMLE,Female,55128.83,55129 [42122-70633],42121.7,70633.38,37.5985456767575
15516,HWF_0008,Nursing personnel (number),https://www.who.int/data/gho/data/indicators/indicator-details/GHO/nursing-personnel-%28number%29,2016,2016,2016,WPR,Western Pacific,AUS,Australia,,,,279789.0,279 789,,,85.04690226212985
